{
  "lang":"en",
  "name":"pipeline",
  "version":"0.0.0",
  "spacy_version":">=3.2.4,<3.3.0",
  "description":"",
  "author":"",
  "email":"",
  "url":"",
  "license":"",
  "spacy_git_version":"b50fe5ec6",
  "vectors":{
    "width":0,
    "vectors":0,
    "keys":0,
    "name":null,
    "mode":"default"
  },
  "labels":{
    "tok2vec":[

    ],
    "ner":[
      "T001",
      "T002",
      "T004",
      "T005",
      "T007",
      "T008",
      "T017",
      "T018",
      "T019",
      "T020",
      "T021",
      "T022",
      "T023",
      "T024",
      "T025",
      "T026",
      "T028",
      "T029",
      "T030",
      "T031",
      "T032",
      "T033",
      "T034",
      "T037",
      "T038",
      "T039",
      "T046",
      "T051",
      "T052",
      "T053",
      "T054",
      "T055",
      "T056",
      "T057",
      "T058",
      "T059",
      "T060",
      "T061",
      "T062",
      "T063",
      "T064",
      "T065",
      "T066",
      "T067",
      "T068",
      "T069",
      "T070",
      "T071",
      "T072",
      "T073",
      "T074",
      "T075",
      "T077",
      "T078",
      "T079",
      "T080",
      "T081",
      "T082",
      "T083",
      "T085",
      "T089",
      "T090",
      "T091",
      "T092",
      "T093",
      "T094",
      "T095",
      "T096",
      "T097",
      "T098",
      "T099",
      "T100",
      "T101",
      "T102",
      "T103",
      "T104",
      "T120",
      "T167",
      "T168",
      "T169",
      "T170",
      "T171",
      "T184",
      "T185",
      "T190",
      "T194",
      "T200",
      "T201",
      "T203",
      "T204",
      "UnknownType"
    ]
  },
  "pipeline":[
    "tok2vec",
    "ner"
  ],
  "components":[
    "tok2vec",
    "ner"
  ],
  "disabled":[

  ],
  "performance":{
    "ents_f":0.4547230036,
    "ents_p":0.4702043646,
    "ents_r":0.4402285876,
    "ents_per_type":{
      "T170":{
        "p":0.3452380952,
        "r":0.297097325,
        "f":0.3193637198
      },
      "T038":{
        "p":0.3623188406,
        "r":0.3448275862,
        "f":0.3533568905
      },
      "T104":{
        "p":0.4096627409,
        "r":0.5219096334,
        "f":0.4590237685
      },
      "T046":{
        "p":0.5085592011,
        "r":0.5881625077,
        "f":0.5454719327
      },
      "T025":{
        "p":0.5493449782,
        "r":0.5076674738,
        "f":0.5276845638
      },
      "T026":{
        "p":0.4180327869,
        "r":0.298245614,
        "f":0.3481228669
      },
      "T080":{
        "p":0.4491833031,
        "r":0.5392996109,
        "f":0.4901336728
      },
      "T023":{
        "p":0.3575418994,
        "r":0.4031496063,
        "f":0.3789785344
      },
      "T081":{
        "p":0.505899705,
        "r":0.5039177277,
        "f":0.5049067713
      },
      "T100":{
        "p":0.7823834197,
        "r":0.7885117493,
        "f":0.7854356307
      },
      "T169":{
        "p":0.4755347922,
        "r":0.4081029753,
        "f":0.4392459687
      },
      "T039":{
        "p":0.4317880795,
        "r":0.4480483782,
        "f":0.4397679752
      },
      "T029":{
        "p":0.1276595745,
        "r":0.0994475138,
        "f":0.1118012422
      },
      "T082":{
        "p":0.3650693569,
        "r":0.3639220616,
        "f":0.3644948064
      },
      "T078":{
        "p":0.4783427495,
        "r":0.5324947589,
        "f":0.503968254
      },
      "T067":{
        "p":0.5,
        "r":0.2395833333,
        "f":0.323943662
      },
      "T018":{
        "p":0.4166666667,
        "r":0.2564102564,
        "f":0.3174603175
      },
      "T033":{
        "p":0.3334599316,
        "r":0.2865535248,
        "f":0.308232403
      },
      "T083":{
        "p":0.5639880952,
        "r":0.5623145401,
        "f":0.5631500743
      },
      "T077":{
        "p":0.505952381,
        "r":0.2786885246,
        "f":0.3594080338
      },
      "T073":{
        "p":0.3542074364,
        "r":0.290529695,
        "f":0.3192239859
      },
      "T061":{
        "p":0.4280211844,
        "r":0.3899122807,
        "f":0.4080789534
      },
      "T204":{
        "p":0.3706896552,
        "r":0.1064356436,
        "f":0.1653846154
      },
      "T032":{
        "p":0.6504975124,
        "r":0.6472772277,
        "f":0.6488833747
      },
      "T052":{
        "p":0.4800650936,
        "r":0.4196301565,
        "f":0.4478178368
      },
      "T008":{
        "p":0.5867287544,
        "r":0.539614561,
        "f":0.56218628
      },
      "T070":{
        "p":0.3767705382,
        "r":0.2205638474,
        "f":0.2782426778
      },
      "T079":{
        "p":0.5023216547,
        "r":0.5785123967,
        "f":0.5377315861
      },
      "T099":{
        "p":0.6637168142,
        "r":0.4385964912,
        "f":0.5281690141
      },
      "T167":{
        "p":0.4459459459,
        "r":0.3402061856,
        "f":0.3859649123
      },
      "T062":{
        "p":0.6438848921,
        "r":0.4922992299,
        "f":0.5579800499
      },
      "T058":{
        "p":0.4220183486,
        "r":0.4024496938,
        "f":0.4120017913
      },
      "T120":{
        "p":0.3975103734,
        "r":0.2929663609,
        "f":0.3373239437
      },
      "T098":{
        "p":0.6196928636,
        "r":0.5107967238,
        "f":0.56
      },
      "T096":{
        "p":0.6593406593,
        "r":0.5479452055,
        "f":0.5985037406
      },
      "T101":{
        "p":0.9069591528,
        "r":0.9035418237,
        "f":0.9052472631
      },
      "UnknownType":{
        "p":0.1666666667,
        "r":0.0060851927,
        "f":0.011741683
      },
      "T185":{
        "p":0.6958762887,
        "r":0.4258675079,
        "f":0.5283757339
      },
      "T097":{
        "p":0.4096692112,
        "r":0.4270557029,
        "f":0.4181818182
      },
      "T028":{
        "p":0.4664310954,
        "r":0.3424124514,
        "f":0.3949139865
      },
      "T054":{
        "p":0.578125,
        "r":0.1878172589,
        "f":0.2835249042
      },
      "T201":{
        "p":0.5310344828,
        "r":0.3476297968,
        "f":0.4201909959
      },
      "T068":{
        "p":0.4722222222,
        "r":0.2741935484,
        "f":0.3469387755
      },
      "T074":{
        "p":0.5268817204,
        "r":0.0892531876,
        "f":0.1526479751
      },
      "T065":{
        "p":0.4428571429,
        "r":0.3229166667,
        "f":0.3734939759
      },
      "T085":{
        "p":0.3214285714,
        "r":0.1773399015,
        "f":0.2285714286
      },
      "T103":{
        "p":0.3939393939,
        "r":0.4262295082,
        "f":0.4094488189
      },
      "T059":{
        "p":0.4292929293,
        "r":0.1791359326,
        "f":0.2527881041
      },
      "T001":{
        "p":0.5761904762,
        "r":0.5475113122,
        "f":0.5614849188
      },
      "T090":{
        "p":0.4444444444,
        "r":0.1,
        "f":0.1632653061
      },
      "T002":{
        "p":0.332278481,
        "r":0.2599009901,
        "f":0.2916666667
      },
      "T055":{
        "p":0.4814814815,
        "r":0.1959798995,
        "f":0.2785714286
      },
      "T091":{
        "p":0.5,
        "r":0.1015228426,
        "f":0.1687763713
      },
      "T057":{
        "p":0.4310344828,
        "r":0.1543209877,
        "f":0.2272727273
      },
      "T007":{
        "p":0.498489426,
        "r":0.3488372093,
        "f":0.4104477612
      },
      "T024":{
        "p":0.3812154696,
        "r":0.43125,
        "f":0.4046920821
      },
      "T005":{
        "p":0.4761904762,
        "r":0.2714932127,
        "f":0.3458213256
      },
      "T022":{
        "p":0.5972222222,
        "r":0.3944954128,
        "f":0.4751381215
      },
      "T031":{
        "p":0.5739130435,
        "r":0.4943820225,
        "f":0.5311871227
      },
      "T184":{
        "p":0.570977918,
        "r":0.5,
        "f":0.5331369661
      },
      "T037":{
        "p":0.680608365,
        "r":0.3960176991,
        "f":0.5006993007
      },