{
  "lang":"en",
  "name":"pipeline",
  "version":"0.0.0",
  "spacy_version":">=3.3.0,<3.4.0",
  "description":"",
  "author":"",
  "email":"",
  "url":"",
  "license":"",
  "spacy_git_version":"Unknown",
  "vectors":{
    "width":0,
    "vectors":0,
    "keys":0,
    "name":null,
    "mode":"default"
  },
  "labels":{
    "tok2vec":[

    ],
    "ner":[
      "T001",
      "T005",
      "T007",
      "T017",
      "T018",
      "T021",
      "T031",
      "T032",
      "T033",
      "T034",
      "T037",
      "T038",
      "T051",
      "T052",
      "T053",
      "T054",
      "T055",
      "T056",
      "T057",
      "T058",
      "T062",
      "T064",
      "T065",
      "T066",
      "T067",
      "T068",
      "T069",
      "T070",
      "T071",
      "T072",
      "T073",
      "T074",
      "T075",
      "T077",
      "T078",
      "T079",
      "T080",
      "T081",
      "T082",
      "T089",
      "T090",
      "T091",
      "T092",
      "T093",
      "T094",
      "T095",
      "T096",
      "T097",
      "T098",
      "T099",
      "T100",
      "T101",
      "T102",
      "T103",
      "T167",
      "T168",
      "T169",
      "T170",
      "T171",
      "T184",
      "T185",
      "T190",
      "T194",
      "T200",
      "T201",
      "T204",
      "UnknownType"
    ]
  },
  "pipeline":[
    "tok2vec",
    "ner"
  ],
  "components":[
    "tok2vec",
    "ner"
  ],
  "disabled":[

  ],
  "performance":{
    "ents_f":0.4655203785,
    "ents_p":0.5030310974,
    "ents_r":0.4332157471,
    "ents_per_type":{
      "T038":{
        "p":0.5635620289,
        "r":0.5110055607,
        "f":0.5359985418
      },
      "T103":{
        "p":0.5089670513,
        "r":0.4841952123,
        "f":0.4962721974
      },
      "T021":{
        "p":0.5358024691,
        "r":0.4403855911,
        "f":0.4834307992
      },
      "T081":{
        "p":0.5644973852,
        "r":0.4757590597,
        "f":0.5163433431
      },
      "T100":{
        "p":0.7882653061,
        "r":0.8067885117,
        "f":0.7974193548
      },
      "T169":{
        "p":0.4611829945,
        "r":0.4117161716,
        "f":0.4350479512
      },
      "T204":{
        "p":0.5120689655,
        "r":0.4749466951,
        "f":0.4928097345
      },
      "T082":{
        "p":0.442109777,
        "r":0.3690050107,
        "f":0.4022629731
      },
      "T078":{
        "p":0.5534506089,
        "r":0.428721174,
        "f":0.4831659776
      },
      "T018":{
        "p":0.625,
        "r":0.2564102564,
        "f":0.3636363636
      },
      "T080":{
        "p":0.4774142059,
        "r":0.4655252918,
        "f":0.4713947991
      },
      "T077":{
        "p":0.4329411765,
        "r":0.3016393443,
        "f":0.3555555556
      },
      "T033":{
        "p":0.4077419355,
        "r":0.2062663185,
        "f":0.2739488513
      },
      "T167":{
        "p":0.3655913978,
        "r":0.3505154639,
        "f":0.3578947368
      },
      "T058":{
        "p":0.3730005273,
        "r":0.4173058014,
        "f":0.3939112679
      },
      "T070":{
        "p":0.2982832618,
        "r":0.2305140962,
        "f":0.2600561272
      },
      "T067":{
        "p":0.4145454545,
        "r":0.296875,
        "f":0.3459787557
      },
      "T052":{
        "p":0.4862710363,
        "r":0.3904694168,
        "f":0.4331360947
      },
      "T032":{
        "p":0.6782106782,
        "r":0.5816831683,
        "f":0.6262491672
      },
      "T062":{
        "p":0.5948863636,
        "r":0.5258663988,
        "f":0.558251133
      },
      "T079":{
        "p":0.554517134,
        "r":0.5192027224,
        "f":0.5362791865
      },
      "T099":{
        "p":0.6532258065,
        "r":0.4736842105,
        "f":0.5491525424
      },
      "T098":{
        "p":0.565648855,
        "r":0.5517498138,
        "f":0.5586128911
      },
      "T096":{
        "p":0.6577540107,
        "r":0.5616438356,
        "f":0.60591133
      },
      "T185":{
        "p":0.7267080745,
        "r":0.3690851735,
        "f":0.489539749
      },
      "UnknownType":{
        "p":0.0,
        "r":0.0,
        "f":0.0
      },
      "T101":{
        "p":0.907904835,
        "r":0.8914845516,
        "f":0.8996197719
      },
      "T073":{
        "p":0.2229299363,
        "r":0.2808988764,
        "f":0.2485795455
      },
      "T055":{
        "p":0.2598870056,
        "r":0.2311557789,
        "f":0.2446808511
      },
      "T201":{
        "p":0.5263157895,
        "r":0.3611738149,
        "f":0.4283801874
      },
      "T074":{
        "p":0.3395061728,
        "r":0.0989208633,
        "f":0.1532033426
      },
      "T068":{
        "p":0.4838709677,
        "r":0.2419354839,
        "f":0.3225806452
      },
      "T097":{
        "p":0.55,
        "r":0.350132626,
        "f":0.4278768233
      },
      "T170":{
        "p":0.3269230769,
        "r":0.2418895845,
        "f":0.2780503762
      },
      "T065":{
        "p":0.3720930233,
        "r":0.3333333333,
        "f":0.3516483516
      },
      "T054":{
        "p":0.2986111111,
        "r":0.2182741117,
        "f":0.2521994135
      },
      "T001":{
        "p":0.5398230088,
        "r":0.5520361991,
        "f":0.5458612975
      },
      "T090":{
        "p":0.3636363636,
        "r":0.1,
        "f":0.1568627451
      },
      "T091":{
        "p":0.4333333333,
        "r":0.1319796954,
        "f":0.2023346304
      },
      "T057":{
        "p":0.3431372549,
        "r":0.2160493827,
        "f":0.2651515152
      },
      "T007":{
        "p":0.5512367491,
        "r":0.3298097252,
        "f":0.4126984127
      },
      "T031":{
        "p":0.6017699115,
        "r":0.5093632959,
        "f":0.5517241379
      },
      "T184":{
        "p":0.5916955017,
        "r":0.4723756906,
        "f":0.5253456221
      },
      "T037":{
        "p":0.6418439716,
        "r":0.4004424779,
        "f":0.4931880109
      },
      "T066":{
        "p":0.6666666667,
        "r":0.1454545455,
        "f":0.2388059701
      },
      "T017":{
        "p":0.0,
        "r":0.0,
        "f":0.0
      },
      "T190":{
        "p":0.0,
        "r":0.0,
        "f":0.0
      },
      "T056":{
        "p":0.5098039216,
        "r":0.4463519313,
        "f":0.47597254
      },
      "T034":{
        "p":0.2666666667,
        "r":0.0256410256,
        "f":0.0467836257
      },
      "T168":{
        "p":0.2523809524,
        "r":0.209486166,
        "f":0.2289416847
      },
      "T089":{
        "p":0.0,
        "r":0.0,
        "f":0.0
      },
      "T075":{
        "p":0.1666666667,
        "r":0.015625,
        "f":0.0285714286
      },
      "T005":{
        "p":0.6138613861,
        "r":0.2805429864,
        "f":0.3850931677
      },
      "T051":{
        "p":0.3333333333,
        "r":0.2769230769,
        "f":0.3025210084
      },
      "T092":{
        "p":0.24,
        "r":0.1016949153,
        "f":0.1428571429
      },
      "T093":{
        "p":0.1333333333,
        "r":0.0363636364,
        "f":0.0571428571
      },
      "T069":{
        "p":0.2105263158,
        "r":0.1739130435,
        "f":0.1904761905
      },
      "T102":{
        "p":0.75,
        "r":0.075,
        "f":0.1363636364
      },
      "T053":{
        "p":0.4415584416,
        "r":0.4197530864,
        "f":0.4303797468
      },
      "T072":{
        "p":0.0,
        "r":0.0,
        "f":0.0
      },
      "T071":{
        "p":1.0,
        "r":0.0625,
        "f":0.1176470588
      },
      "T064":{
        "p":0.0,
        "r":0.0,
        "f":0.0
      },
      "T171":{
        "p":0.65,
        "r":0.619047619,
        "f":0.6341463415
      },
      "T094":{
        "p":0.0,
        "r":0.0,
        "f":0.0
      },
      "T095":{
        "p":0.0,
        "r":0.0,
        "f":0.0
      },
      "T200":{
        "p":0.0,
        "r":0.0,
        "f":0.0
      },
      "T194":{
        "p":0.0,
        "r":0.0,
        "f":0.0
      }
    },
    "tok2vec_loss":24997.1094136238,