{
  "lang":"en",
  "name":"pipeline",
  "version":"0.0.0",
  "spacy_version":">=3.2.4,<3.3.0",
  "description":"",
  "author":"",
  "email":"",
  "url":"",
  "license":"",
  "spacy_git_version":"b50fe5ec6",
  "vectors":{
    "width":0,
    "vectors":0,
    "keys":0,
    "name":null,
    "mode":"default"
  },
  "labels":{
    "tok2vec":[

    ],
    "ner":[
      "T001",
      "T017",
      "T032",
      "T033",
      "T037",
      "T051",
      "T052",
      "T053",
      "T056",
      "T057",
      "T066",
      "T067",
      "T068",
      "T070",
      "T071",
      "T072",
      "T073",
      "T077",
      "T078",
      "T090",
      "T092",
      "T096",
      "T102",
      "T167",
      "T170",
      "T171",
      "UnknownType"
    ]
  },
  "pipeline":[
    "tok2vec",
    "ner"
  ],
  "components":[
    "tok2vec",
    "ner"
  ],
  "disabled":[

  ],
  "performance":{
    "ents_f":0.4914668819,
    "ents_p":0.5070139379,
    "ents_r":0.4768449273,
    "ents_per_type":{
      "T170":{
        "p":0.4225165563,
        "r":0.3045346062,
        "f":0.3539528433
      },
      "T070":{
        "p":0.5269517705,
        "r":0.5430427721,
        "f":0.5348762799
      },
      "T078":{
        "p":0.4864660987,
        "r":0.4957044674,
        "f":0.4910418346
      },
      "T017":{
        "p":0.5142237876,
        "r":0.4567990373,
        "f":0.4838134081
      },
      "T096":{
        "p":0.7195571956,
        "r":0.7146596859,
        "f":0.7171000788
      },
      "T033":{
        "p":0.3583870968,
        "r":0.3101619207,
        "f":0.3325351691
      },
      "T167":{
        "p":0.5410208445,
        "r":0.4836359293,
        "f":0.5107214934
      },
      "T067":{
        "p":0.4734299517,
        "r":0.2552083333,
        "f":0.331641286
      },
      "T077":{
        "p":0.5264623955,
        "r":0.3098360656,
        "f":0.3900928793
      },
      "T001":{
        "p":0.6040412726,
        "r":0.5025035765,
        "f":0.5486138227
      },
      "T057":{
        "p":0.4592269327,
        "r":0.4992544395,
        "f":0.4784048841
      },
      "T032":{
        "p":0.5872742906,
        "r":0.5459632294,
        "f":0.5658657829
      },
      "T052":{
        "p":0.4752774975,
        "r":0.3349928876,
        "f":0.392991239
      },
      "UnknownType":{
        "p":0.0,
        "r":0.0,
        "f":0.0
      },
      "T073":{
        "p":0.355987055,
        "r":0.2629482072,
        "f":0.3024747938
      },
      "T068":{
        "p":0.5,
        "r":0.3058823529,
        "f":0.3795620438
      },
      "T090":{
        "p":0.3978494624,
        "r":0.1335740072,
        "f":0.2
      },
      "T053":{
        "p":0.4493243243,
        "r":0.2788259958,
        "f":0.3441138422
      },
      "T051":{
        "p":0.3859649123,
        "r":0.3384615385,
        "f":0.3606557377
      },
      "T037":{
        "p":0.7233201581,
        "r":0.4048672566,
        "f":0.5191489362
      },
      "T066":{
        "p":0.8,
        "r":0.1454545455,
        "f":0.2461538462
      },
      "T056":{
        "p":0.6532258065,
        "r":0.347639485,
        "f":0.4537815126
      },
      "T092":{
        "p":0.203539823,
        "r":0.1306818182,
        "f":0.1591695502
      },
      "T102":{
        "p":0.5,
        "r":0.025,
        "f":0.0476190476
      },
      "T072":{
        "p":0.0,
        "r":0.0,
        "f":0.0
      },
      "T071":{
        "p":0.5714285714,
        "r":0.25,
        "f":0.347826087
      },
      "T171":{
        "p":0.7647058824,
        "r":0.619047619,
        "f":0.6842105263
      }
    },
    "tok2vec_loss":20989.8947739601,
    "ner_loss":38497.9204976414
  }
}