{
  "lang":"en",
  "name":"pipeline",
  "version":"0.0.0",
  "spacy_version":">=3.3.0,<3.4.0",
  "description":"",
  "author":"",
  "email":"",
  "url":"",
  "license":"",
  "spacy_git_version":"Unknown",
  "vectors":{
    "width":0,
    "vectors":0,
    "keys":0,
    "name":null,
    "mode":"default"
  },
  "labels":{
    "tok2vec":[

    ],
    "ner":[
      "T001",
      "T017",
      "T032",
      "T033",
      "T037",
      "T051",
      "T052",
      "T053",
      "T056",
      "T057",
      "T066",
      "T067",
      "T068",
      "T070",
      "T071",
      "T072",
      "T073",
      "T077",
      "T078",
      "T090",
      "T092",
      "T096",
      "T102",
      "T167",
      "T170",
      "T171",
      "UnknownType"
    ]
  },
  "pipeline":[
    "tok2vec",
    "ner"
  ],
  "components":[
    "tok2vec",
    "ner"
  ],
  "disabled":[

  ],
  "performance":{
    "ents_f":0.4843375544,
    "ents_p":0.4867603466,
    "ents_r":0.4819387611,
    "ents_per_type":{
      "T078":{
        "p":0.4724255735,
        "r":0.5252306023,
        "f":0.4974306269
      },
      "T070":{
        "p":0.5448016013,
        "r":0.5010286952,
        "f":0.5219990975
      },
      "T167":{
        "p":0.4889557072,
        "r":0.5050167224,
        "f":0.4968564546
      },
      "T096":{
        "p":0.7308641975,
        "r":0.697382199,
        "f":0.7137307435
      },
      "T017":{
        "p":0.5417294366,
        "r":0.4327316486,
        "f":0.4811345999
      },
      "T037":{
        "p":0.5423728814,
        "r":0.4247787611,
        "f":0.476426799
      },
      "T033":{
        "p":0.3973916379,
        "r":0.2892238973,
        "f":0.3347875263
      },
      "T067":{
        "p":0.4491017964,
        "r":0.1953125,
        "f":0.2722323049
      },
      "T073":{
        "p":0.2020785219,
        "r":0.2788844622,
        "f":0.234348845
      },
      "T170":{
        "p":0.4029451138,
        "r":0.2873508353,
        "f":0.3354694901
      },
      "T057":{
        "p":0.4245835209,
        "r":0.5113189643,
        "f":0.4639321075
      },
      "T001":{
        "p":0.5876963351,
        "r":0.4817596567,
        "f":0.5294811321
      },
      "T052":{
        "p":0.4131578947,
        "r":0.5583214794,
        "f":0.4748941319
      },
      "T032":{
        "p":0.6056872038,
        "r":0.5107913669,
        "f":0.554206418
      },
      "T077":{
        "p":0.5081967213,
        "r":0.2540983607,
        "f":0.3387978142
      },
      "UnknownType":{
        "p":0.2,
        "r":0.0020283976,
        "f":0.0040160643
      },
      "T090":{
        "p":0.2434782609,
        "r":0.1010830325,
        "f":0.1428571429
      },
      "T053":{
        "p":0.4067278287,
        "r":0.2788259958,
        "f":0.3308457711
      },
      "T068":{
        "p":0.4418604651,
        "r":0.2235294118,
        "f":0.296875
      },
      "T066":{
        "p":1.0,
        "r":0.0363636364,
        "f":0.0701754386
      },
      "T056":{
        "p":0.5647058824,
        "r":0.2060085837,
        "f":0.3018867925
      },
      "T051":{
        "p":0.5384615385,
        "r":0.2153846154,
        "f":0.3076923077
      },
      "T092":{
        "p":0.1694915254,
        "r":0.0568181818,
        "f":0.085106383
      },
      "T102":{
        "p":0.0,
        "r":0.0,
        "f":0.0
      },
      "T072":{
        "p":0.0,
        "r":0.0,
        "f":0.0
      },
      "T071":{
        "p":0.6,
        "r":0.1875,
        "f":0.2857142857
      },
      "T171":{
        "p":0.5789473684,
        "r":0.5238095238,
        "f":0.55
      }
    },
    "tok2vec_loss":16067.1395936012,
    "ner_loss":40355.3895760248
  }
}