{
  "lang":"en",
  "name":"pipeline",
  "version":"0.0.0",
  "spacy_version":">=3.2.4,<3.3.0",
  "description":"",
  "author":"",
  "email":"",
  "url":"",
  "license":"",
  "spacy_git_version":"b50fe5ec6",
  "vectors":{
    "width":0,
    "vectors":0,
    "keys":0,
    "name":null,
    "mode":"default"
  },
  "labels":{
    "tok2vec":[

    ],
    "ner":[
      "T051",
      "T052",
      "T067",
      "T071",
      "T072",
      "T077",
      "UnknownType"
    ]
  },
  "pipeline":[
    "tok2vec",
    "ner"
  ],
  "components":[
    "tok2vec",
    "ner"
  ],
  "disabled":[

  ],
  "performance":{
    "ents_f":0.5378674639,
    "ents_p":0.5277724964,
    "ents_r":0.5483561451,
    "ents_per_type":{
      "T077":{
        "p":0.5243710908,
        "r":0.5599329175,
        "f":0.5415688451
      },
      "T067":{
        "p":0.5821878905,
        "r":0.5046278062,
        "f":0.5406403291
      },
      "T072":{
        "p":0.5364409103,
        "r":0.5891351482,
        "f":0.5615545796
      },
      "T052":{
        "p":0.4778838659,
        "r":0.5137201508,
        "f":0.4951544518
      },
      "UnknownType":{
        "p":0.3333333333,
        "r":0.0040567951,
        "f":0.0080160321
      },
      "T051":{
        "p":0.5151515152,
        "r":0.2615384615,
        "f":0.3469387755
      },
      "T071":{
        "p":0.0,
        "r":0.0,
        "f":0.0
      }
    },
    "tok2vec_loss":10183.5962613821,
    "ner_loss":34766.1408078356
  }
}