{
  "lang":"en",
  "name":"pipeline",
  "version":"0.0.0",
  "spacy_version":">=3.2.4,<3.3.0",
  "description":"",
  "author":"",
  "email":"",
  "url":"",
  "license":"",
  "spacy_git_version":"b50fe5ec6",
  "vectors":{
    "width":0,
    "vectors":0,
    "keys":0,
    "name":null,
    "mode":"default"
  },
  "labels":{
    "tok2vec":[

    ],
    "ner":[
      "T051",
      "T052",
      "T067",
      "T071",
      "T072",
      "T077",
      "UnknownType"
    ]
  },
  "pipeline":[
    "tok2vec",
    "ner"
  ],
  "components":[
    "tok2vec",
    "ner"
  ],
  "disabled":[

  ],
  "performance":{
    "ents_f":0.5387901572,
    "ents_p":0.5437925781,
    "ents_r":0.5338789333,
    "ents_per_type":{
      "T077":{
        "p":0.5501675297,
        "r":0.5314228551,
        "f":0.5406327636
      },
      "T067":{
        "p":0.5076219512,
        "r":0.55740449,
        "f":0.5313497278
      },
      "T072":{
        "p":0.578986541,
        "r":0.5622139244,
        "f":0.5704769762
      },
      "T052":{
        "p":0.5061307176,
        "r":0.4971721827,
        "f":0.5016114545
      },
      "UnknownType":{
        "p":0.2,
        "r":0.014198783,
        "f":0.0265151515
      },
      "T051":{
        "p":0.3859649123,
        "r":0.3384615385,
        "f":0.3606557377
      },
      "T071":{
        "p":1.0,
        "r":0.125,
        "f":0.2222222222
      }
    },
    "tok2vec_loss":11732.5379934311,
    "ner_loss":33909.6939083807
  }
}